filename,colname,count,filtered,min,min-index,max,max-index,mean,stddev,Q1,median,Q3
data/tyranny-of-dragons-1/sessions/session-01.csv,roll,24,0,2,0,20,4,9.791666666666664,6.27610490301295,3.5,10,13
data/tyranny-of-dragons-1/sessions/session-02.csv,roll,21,0,2,5,18,14,9.571428571428573,5.201648090475063,5,8,14
data/tyranny-of-dragons-1/sessions/session-03.csv,roll,14,0,4,1,17,0,11.071428571428571,4.5651570992310155,8,11,15
data/tyranny-of-dragons-1/sessions/session-04.csv,roll,22,0,1,10,20,7,10.636363636363638,6.418317941237034,5,10,16
data/tyranny-of-dragons-1/sessions/session-05.csv,roll,31,0,1,16,20,23,8.838709677419354,5.379571074559435,4,8,14
data/tyranny-of-dragons-1/sessions/session-06.csv,roll,23,0,1,3,20,6,9.26086956521739,5.520354001365787,6,8,13
data/tyranny-of-dragons-1/sessions/session-07.csv,roll,18,0,1,15,20,10,12.777777777777777,5.886730397363364,9,15,17
data/tyranny-of-dragons-1/sessions/session-08.csv,roll,26,0,1,6,19,20,6.9230769230769225,4.832581727590973,2,6,10
data/tyranny-of-dragons-1/sessions/session-09.csv,roll,4,0,8,3,18,0,14.5,4.725815626252609,11,16,18
data/tyranny-of-dragons-1/sessions/session-10.csv,roll,11,0,1,0,17,7,8,5.656854249492381,4,7,13
data/tyranny-of-dragons-1/sessions/session-11.csv,roll,10,0,1,0,20,4,11.6,6.686636756330577,5,14.5,15
data/tyranny-of-dragons-1/sessions/session-12.csv,roll,2,0,6,0,8,1,7,1.4142135623730951,,,
data/tyranny-of-dragons-1/sessions/session-13.csv,roll,11,0,1,5,14,9,8.636363636363637,4.201731244921009,6,10,12
data/tyranny-of-dragons-1/sessions/session-14.csv,roll,15,0,1,6,17,4,7.0666666666666655,4.992375138529708,3,6,10
data/tyranny-of-dragons-1/sessions/session-15.csv,roll,7,0,3,1,20,4,10.857142857142858,6.202917900165251,5,10,17
data/tyranny-of-dragons-1/sessions/session-16.csv,roll,24,0,1,2,19,9,10.625,6.274950199005566,5.5,12,17
data/tyranny-of-dragons-1/sessions/session-17.csv,roll,4,0,1,1,11,3,6.25,4.272001872658765,3,6.5,9.5
data/tyranny-of-dragons-1/sessions/session-18.csv,roll,11,0,2,7,20,5,11.363636363636363,7.15922799291554,4,14,19
